{
  "meta_title": "",
  "meta_description": "",
  "sections": [
    {
      "type": "banner-slider",
      "autoplay": 9000,
      "full_width": true,
      "slides": [
        {
          "start": "",
          "end": "",
          "img": "/img/uploads/buscopan.png",
          "link": "https://drogariaapolinario.com.br/search?term=buscopan",
          "mobile_img": "",
          "alt": "Buscopan"
        }
      ]
    },
    {
      "type": "info-bar",
      "enabled": true
    },
    {
      "type": "shelfs-nav",
      "shuffle": true,
      "limit": 8,
      "page": 1,
      "collection_ids": [
        "6495966d5e606903704647be:categories:Vitaminas e Suplementos:/vitaminas-e-suplementos",
        "64b454b25e6069037066ab61:categories:Analgésicos e Antitérmicos:/analgesicos-e-antitermicos",
        "64b54f595e60690370676c12:categories:Anti-hipertensivos:/anti-hipertensivos"
      ],
      "sort": "views",
      "autoplay": ""
    },
    {
      "type": "collection-shelf",
      "shuffle": true,
      "limit": 12,
      "page": 1,
      "title": "Medicamentos"
    },
    {
      "type": "page-title",
      "title": "Drogaria Apolinário",
      "description": "Compre Remédios, Medicamentos Genéricos, Cosméticos e Higiene Pessoal na Farmácia Online da Drogaria Apolinário. Entrega Rápida e Segura. Parcele até 3X sem Juros!"
    },
    {
      "type": "collection-shelf",
      "shuffle": true,
      "collection_id": "64b453815e6069037066aa10:categories:Gripes e Resfriados:/gripes-e-resfriados",
      "sort": "offers",
      "title": "Gripe e Resfriado",
      "headless": false,
      "limit": 12,
      "page": 1
    }
  ]
}